{
  "n_components": 30,
  "original_dim": 384,
  "n_samples": 560,
  "variance_explained_total": 0.7065445282917161,
  "variance_per_component": [
    0.09406790497502938,
    0.0744055315305649,
    0.06368374880630427,
    0.0537825487361215,
    0.04633330976247076,
    0.040056875350884896,
    0.029437729100255057,
    0.025953523259574233,
    0.023516969806959068,
    0.021599147244696155,
    0.019213054603883443,
    0.017605732496089575,
    0.016711510615123618,
    0.015488571476577895,
    0.014583481565357166,
    0.013831824652690191,
    0.01307758264033262,
    0.01257684706374702,
    0.011767264195684529,
    0.011100310662438615,
    0.0104577895217838,
    0.010068864700388851,
    0.009941862043465413,
    0.009007951335185465,
    0.00886155245588103,
    0.008473006702845745,
    0.008184613863250334,
    0.008016144643968815,
    0.007522948636394517,
    0.007216325843767205
  ],
  "cumulative_variance": [
    0.09406790497502938,
    0.16847343650559427,
    0.23215718531189855,
    0.28593973404802003,
    0.3322730438104908,
    0.3723299191613757,
    0.40176764826163075,
    0.427721171521205,
    0.45123814132816403,
    0.47283728857286017,
    0.4920503431767436,
    0.5096560756728332,
    0.5263675862879569,
    0.5418561577645348,
    0.5564396393298919,
    0.5702714639825821,
    0.5833490466229148,
    0.5959258936866618,
    0.6076931578823463,
    0.618793468544785,
    0.6292512580665688,
    0.6393201227669576,
    0.649261984810423,
    0.6582699361456085,
    0.6671314886014895,
    0.6756044953043353,
    0.6837891091675856,
    0.6918052538115544,
    0.6993282024479489,
    0.7065445282917161
  ]
}